{
  "collapse-filter": true,
  "search": "",
  "showTags": false,
  "showAttachments": false,
  "hideUnresolved": false,
  "showOrphans": true,
  "collapse-color-groups": false,
  "colorGroups": [
    {
      "query": "file:Index",
      "color": {
        "a": 1,
        "rgb": 14701138
      }
    },
    {
      "query": "file:Tasks",
      "color": {
        "a": 1,
        "rgb": 14725458
      }
    },
    {
      "query": "file:Projects",
      "color": {
        "a": 1,
        "rgb": 11657298
      }
    }
  ],
  "collapse-display": false,
  "showArrow": false,
  "textFadeMultiplier": 0,
  "nodeSizeMultiplier": 1,
  "lineSizeMultiplier": 1,
  "collapse-forces": false,
  "centerStrength": 0.546257796257796,
  "repelStrength": 11.4583333333333,
  "linkStrength": 1,
  "linkDistance": 99,
  "scale": 0.4016151595359283,
  "close": true
}