{
  "insert-template": [
    {
      "modifiers": [
        "Alt"
      ],
      "key": "T"
    }
  ],
  "canvas:new-file": [
    {
      "modifiers": [
        "Alt"
      ],
      "key": "C"
    }
  ],
  "app:toggle-right-sidebar": [
    {
      "modifiers": [
        "Mod"
      ],
      "key": "ArrowRight"
    }
  ],
  "app:toggle-left-sidebar": [
    {
      "modifiers": [
        "Mod"
      ],
      "key": "ArrowLeft"
    }
  ],
  "daily-notes": [
    {
      "modifiers": [
        "Alt"
      ],
      "key": "D"
    }
  ],
  "break-page:insert-break-page": [
    {
      "modifiers": [
        "Alt"
      ],
      "key": "B"
    }
  ],
  "slides:start": [
    {
      "modifiers": [],
      "key": "F5"
    }
  ],
  "obsidian-regex-replace:obsidian-regex-replace": [
    {
      "modifiers": [
        "Alt"
      ],
      "key": "F"
    }
  ],
  "workspaces:open-modal": [
    {
      "modifiers": [
        "Alt"
      ],
      "key": "W"
    }
  ]
}