{
  "workspaces": {
    "Default": {
      "main": {
        "id": "0e788b76c462cd91",
        "type": "split",
        "children": [
          {
            "id": "1e0ffc5b108b5c05",
            "type": "tabs",
            "children": [
              {
                "id": "56cef8729aba2e65",
                "type": "leaf",
                "state": {
                  "type": "markdown",
                  "state": {
                    "file": "Home Page.md",
                    "mode": "source",
                    "source": false
                  },
                  "icon": "lucide-file",
                  "title": "Home Page"
                }
              }
            ]
          }
        ],
        "direction": "vertical"
      },
      "left": {
        "id": "3c49efc5657c0e78",
        "type": "split",
        "children": [
          {
            "id": "3fc04ade4dd74c79",
            "type": "tabs",
            "children": [
              {
                "id": "03368a52a491baeb",
                "type": "leaf",
                "state": {
                  "type": "file-explorer",
                  "state": {
                    "sortOrder": "alphabetical",
                    "autoReveal": false
                  },
                  "icon": "lucide-folder-closed",
                  "title": "Files"
                }
              }
            ]
          },
          {
            "id": "af0445e5d75861af",
            "type": "tabs",
            "children": [
              {
                "id": "252ab4672620e349",
                "type": "leaf",
                "state": {
                  "type": "outline",
                  "state": {
                    "file": "Home Page.md",
                    "followCursor": false,
                    "showSearch": false,
                    "searchQuery": ""
                  },
                  "icon": "lucide-list",
                  "title": "Outline of Home Page"
                }
              },
              {
                "id": "4538c7138dd4d8e3",
                "type": "leaf",
                "state": {
                  "type": "advanced-tables-toolbar",
                  "state": {},
                  "icon": "spreadsheet",
                  "title": "Advanced Tables"
                }
              },
              {
                "id": "32f8ab56b1129182",
                "type": "leaf",
                "state": {
                  "type": "tag",
                  "state": {
                    "sortOrder": "frequency",
                    "useHierarchy": true,
                    "showSearch": false,
                    "searchQuery": ""
                  },
                  "icon": "lucide-tags",
                  "title": "Tags"
                }
              },
              {
                "id": "da59357773c13152",
                "type": "leaf",
                "state": {
                  "type": "search",
                  "state": {
                    "query": "tag:#excalidraw",
                    "matchingCase": false,
                    "explainSearch": false,
                    "collapseAll": false,
                    "extraContext": false,
                    "sortOrder": "alphabetical"
                  },
                  "icon": "lucide-search",
                  "title": "Search"
                }
              }
            ]
          }
        ],
        "direction": "horizontal",
        "width": 300
      },
      "right": {
        "id": "aa99c8f783327465",
        "type": "split",
        "children": [
          {
            "id": "f7c44b0f842bd54f",
            "type": "tabs",
            "dimension": 60.87786259541985,
            "children": [
              {
                "id": "9e005d98d0d70731",
                "type": "leaf",
                "pinned": true,
                "state": {
                  "type": "graph",
                  "state": {},
                  "pinned": true,
                  "icon": "lucide-git-fork",
                  "title": "Graph view"
                }
              }
            ]
          },
          {
            "id": "bb483da991559e39",
            "type": "tabs",
            "dimension": 39.12213740458015,
            "children": [
              {
                "id": "d3f80e795ce3adb9",
                "type": "leaf",
                "state": {
                  "type": "calendar",
                  "state": {},
                  "icon": "calendar-with-checkmark",
                  "title": "Calendar"
                }
              },
              {
                "id": "2be08b3debe7475a",
                "type": "leaf",
                "state": {
                  "type": "bookmarks",
                  "state": {},
                  "icon": "lucide-bookmark",
                  "title": "Bookmarks"
                }
              },
              {
                "id": "c8caa60d1a0631d9",
                "type": "leaf",
                "state": {
                  "type": "backlink",
                  "state": {
                    "file": "Home Page.md",
                    "collapseAll": false,
                    "extraContext": false,
                    "sortOrder": "alphabetical",
                    "showSearch": false,
                    "searchQuery": "",
                    "backlinkCollapsed": false,
                    "unlinkedCollapsed": true
                  },
                  "icon": "links-coming-in",
                  "title": "Backlinks for Home Page"
                }
              },
              {
                "id": "b039d5a8559d9d14",
                "type": "leaf",
                "state": {
                  "type": "outgoing-link",
                  "state": {
                    "file": "Home Page.md",
                    "linksCollapsed": false,
                    "unlinkedCollapsed": false
                  },
                  "icon": "links-going-out",
                  "title": "Outgoing links from Home Page"
                }
              }
            ]
          }
        ],
        "direction": "horizontal",
        "width": 318.5
      },
      "left-ribbon": {
        "hiddenItems": {
          "graph:Open graph view": false,
          "audio-recorder:Start/stop recording": false,
          "switcher:Open quick switcher": false,
          "canvas:Create new canvas": false,
          "daily-notes:Open today's daily note": false,
          "templates:Insert template": false,
          "command-palette:Open command palette": false,
          "table-editor-obsidian:Advanced Tables Toolbar": false,
          "obsidian-kanban:Create new board": false,
          "obsidian-excalidraw-plugin:Create new drawing": false,
          "workspaces:Manage workspace layouts": false,
          "pexels-banner:🚩 Pixel Banner Menu": false,
          "homepage:Open homepage": false
        }
      },
      "active": "56cef8729aba2e65",
      "mtime": "2025-06-02T12:46:37+05:30"
    },
    "Projects Overview": {
      "main": {
        "id": "0e788b76c462cd91",
        "type": "split",
        "children": [
          {
            "id": "5cb7d49c84f8c409",
            "type": "split",
            "children": [
              {
                "id": "3beb509a9b59905b",
                "type": "tabs",
                "children": [
                  {
                    "id": "c6ac50dddffc5bae",
                    "type": "leaf",
                    "state": {
                      "type": "kanban",
                      "state": {
                        "file": "Files/Tasks.md",
                        "kanbanViewState": {
                          "kanban-plugin": "board",
                          "list-collapse": [
                            false,
                            false,
                            false,
                            false
                          ]
                        }
                      },
                      "icon": "lucide-trello",
                      "title": "Tasks"
                    }
                  }
                ]
              },
              {
                "id": "3e643e095e0701d1",
                "type": "tabs",
                "children": [
                  {
                    "id": "c79ec9668aa22c1a",
                    "type": "leaf",
                    "state": {
                      "type": "markdown",
                      "state": {
                        "file": "Files/Projects.md",
                        "mode": "source",
                        "source": false
                      },
                      "icon": "lucide-file",
                      "title": "Projects"
                    }
                  }
                ]
              }
            ],
            "direction": "horizontal"
          }
        ],
        "direction": "vertical"
      },
      "left": {
        "id": "3c49efc5657c0e78",
        "type": "split",
        "children": [
          {
            "id": "3fc04ade4dd74c79",
            "type": "tabs",
            "children": [
              {
                "id": "03368a52a491baeb",
                "type": "leaf",
                "state": {
                  "type": "file-explorer",
                  "state": {
                    "sortOrder": "alphabetical",
                    "autoReveal": false
                  },
                  "icon": "lucide-folder-closed",
                  "title": "Files"
                }
              },
              {
                "id": "2be08b3debe7475a",
                "type": "leaf",
                "state": {
                  "type": "bookmarks",
                  "state": {},
                  "icon": "lucide-bookmark",
                  "title": "Bookmarks"
                }
              }
            ]
          },
          {
            "id": "af0445e5d75861af",
            "type": "tabs",
            "children": [
              {
                "id": "252ab4672620e349",
                "type": "leaf",
                "state": {
                  "type": "outline",
                  "state": {
                    "file": "Files/Projects.md",
                    "followCursor": false,
                    "showSearch": false,
                    "searchQuery": ""
                  },
                  "icon": "lucide-list",
                  "title": "Outline of Projects"
                }
              },
              {
                "id": "32f8ab56b1129182",
                "type": "leaf",
                "state": {
                  "type": "tag",
                  "state": {
                    "sortOrder": "frequency",
                    "useHierarchy": true,
                    "showSearch": false,
                    "searchQuery": ""
                  },
                  "icon": "lucide-tags",
                  "title": "Tags"
                }
              }
            ]
          }
        ],
        "direction": "horizontal",
        "width": 300
      },
      "right": {
        "id": "aa99c8f783327465",
        "type": "split",
        "children": [
          {
            "id": "bb483da991559e39",
            "type": "tabs",
            "children": [
              {
                "id": "c8caa60d1a0631d9",
                "type": "leaf",
                "state": {
                  "type": "backlink",
                  "state": {
                    "file": "000 Index.md",
                    "collapseAll": false,
                    "extraContext": false,
                    "sortOrder": "alphabetical",
                    "showSearch": false,
                    "searchQuery": "",
                    "backlinkCollapsed": false,
                    "unlinkedCollapsed": true
                  },
                  "icon": "links-coming-in",
                  "title": "Backlinks for 000 Index"
                }
              },
              {
                "id": "b039d5a8559d9d14",
                "type": "leaf",
                "state": {
                  "type": "outgoing-link",
                  "state": {
                    "file": "Files/Leetcode.md",
                    "linksCollapsed": false,
                    "unlinkedCollapsed": false
                  },
                  "icon": "links-going-out",
                  "title": "Outgoing links from Leetcode"
                }
              },
              {
                "id": "da59357773c13152",
                "type": "leaf",
                "state": {
                  "type": "search",
                  "state": {
                    "query": "",
                    "matchingCase": false,
                    "explainSearch": false,
                    "collapseAll": false,
                    "extraContext": false,
                    "sortOrder": "alphabetical"
                  },
                  "icon": "lucide-search",
                  "title": "Search"
                }
              },
              {
                "id": "4538c7138dd4d8e3",
                "type": "leaf",
                "state": {
                  "type": "advanced-tables-toolbar",
                  "state": {},
                  "icon": "spreadsheet",
                  "title": "Advanced Tables"
                }
              }
            ],
            "currentTab": 3
          },
          {
            "id": "c51cc41d978576b7",
            "type": "tabs",
            "children": [
              {
                "id": "9e005d98d0d70731",
                "type": "leaf",
                "pinned": true,
                "state": {
                  "type": "graph",
                  "state": {},
                  "pinned": true,
                  "icon": "lucide-git-fork",
                  "title": "Graph view"
                }
              }
            ]
          }
        ],
        "direction": "horizontal",
        "width": 397.5,
        "collapsed": true
      },
      "left-ribbon": {
        "hiddenItems": {
          "graph:Open graph view": false,
          "audio-recorder:Start/stop recording": false,
          "switcher:Open quick switcher": false,
          "canvas:Create new canvas": false,
          "daily-notes:Open today's daily note": false,
          "templates:Insert template": false,
          "command-palette:Open command palette": false,
          "table-editor-obsidian:Advanced Tables Toolbar": false,
          "obsidian-kanban:Create new board": false,
          "obsidian-excalidraw-plugin:Create new drawing": false,
          "workspaces:Manage workspace layouts": false
        }
      },
      "active": "c79ec9668aa22c1a",
      "mtime": "2025-03-25T15:37:43+05:30"
    }
  },
  "active": "Default"
}