{
  "main": {
    "id": "5324373015726ba8",
    "type": "split",
    "children": [
      {
        "id": "2498fd864c3b43d6",
        "type": "tabs",
        "children": [
          {
            "id": "6ea6e6b1b4732e94",
            "type": "leaf",
            "state": {
              "type": "markdown",
              "state": {
                "file": "Home Page.md",
                "mode": "source",
                "source": false
              },
              "icon": "lucide-file",
              "title": "Home Page"
            }
          }
        ]
      }
    ],
    "direction": "vertical"
  },
  "left": {
    "id": "3c49efc5657c0e78",
    "type": "split",
    "children": [
      {
        "id": "3fc04ade4dd74c79",
        "type": "tabs",
        "children": [
          {
            "id": "03368a52a491baeb",
            "type": "leaf",
            "state": {
              "type": "file-explorer",
              "state": {
                "sortOrder": "alphabetical",
                "autoReveal": false
              },
              "icon": "lucide-folder-closed",
              "title": "Files"
            }
          }
        ]
      },
      {
        "id": "af0445e5d75861af",
        "type": "tabs",
        "children": [
          {
            "id": "252ab4672620e349",
            "type": "leaf",
            "state": {
              "type": "outline",
              "state": {
                "file": "Home Page.md",
                "followCursor": false,
                "showSearch": false,
                "searchQuery": ""
              },
              "icon": "lucide-list",
              "title": "Outline of Home Page"
            }
          },
          {
            "id": "32f8ab56b1129182",
            "type": "leaf",
            "state": {
              "type": "tag",
              "state": {
                "sortOrder": "frequency",
                "useHierarchy": true,
                "showSearch": false,
                "searchQuery": ""
              },
              "icon": "lucide-tags",
              "title": "Tags"
            }
          },
          {
            "id": "da59357773c13152",
            "type": "leaf",
            "state": {
              "type": "search",
              "state": {
                "query": "tag:#excalidraw",
                "matchingCase": false,
                "explainSearch": false,
                "collapseAll": false,
                "extraContext": false,
                "sortOrder": "alphabetical"
              },
              "icon": "lucide-search",
              "title": "Search"
            }
          }
        ]
      }
    ],
    "direction": "horizontal",
    "width": 300
  },
  "right": {
    "id": "aa99c8f783327465",
    "type": "split",
    "children": [
      {
        "id": "f7c44b0f842bd54f",
        "type": "tabs",
        "dimension": 60.87786259541985,
        "children": [
          {
            "id": "9e005d98d0d70731",
            "type": "leaf",
            "state": {
              "type": "graph",
              "state": {},
              "icon": "lucide-git-fork",
              "title": "Graph view"
            }
          }
        ]
      },
      {
        "id": "bb483da991559e39",
        "type": "tabs",
        "dimension": 39.12213740458015,
        "children": [
          {
            "id": "d3f80e795ce3adb9",
            "type": "leaf",
            "state": {
              "type": "calendar",
              "state": {},
              "icon": "calendar-with-checkmark",
              "title": "Calendar"
            }
          },
          {
            "id": "2be08b3debe7475a",
            "type": "leaf",
            "state": {
              "type": "bookmarks",
              "state": {},
              "icon": "lucide-bookmark",
              "title": "Bookmarks"
            }
          },
          {
            "id": "c8caa60d1a0631d9",
            "type": "leaf",
            "state": {
              "type": "backlink",
              "state": {
                "collapseAll": false,
                "extraContext": false,
                "sortOrder": "alphabetical",
                "showSearch": false,
                "searchQuery": "",
                "backlinkCollapsed": false,
                "unlinkedCollapsed": true
              },
              "icon": "links-coming-in",
              "title": "Backlinks"
            }
          },
          {
            "id": "b039d5a8559d9d14",
            "type": "leaf",
            "state": {
              "type": "outgoing-link",
              "state": {
                "linksCollapsed": false,
                "unlinkedCollapsed": false
              },
              "icon": "links-going-out",
              "title": "Outgoing links"
            }
          }
        ]
      }
    ],
    "direction": "horizontal",
    "width": 318.5
  },
  "left-ribbon": {
    "hiddenItems": {
      "graph:Open graph view": false,
      "audio-recorder:Start/stop recording": false,
      "switcher:Open quick switcher": false,
      "canvas:Create new canvas": false,
      "daily-notes:Open today's daily note": false,
      "templates:Insert template": false,
      "command-palette:Open command palette": false,
      "workspaces:Manage workspace layouts": false,
      "table-editor-obsidian:Advanced Tables Toolbar": false,
      "obsidian-kanban:Create new board": false,
      "obsidian-excalidraw-plugin:Create new drawing": false,
      "pexels-banner:🚩 Pixel Banner Menu": false,
      "homepage:Open homepage": false
    }
  },
  "active": "6ea6e6b1b4732e94",
  "lastOpenFiles": [
    "Home Page.md",
    "Attachments/Pasted image 20250602110938.png",
    "Files/Index.md",
    "Files/Tasks.md",
    "Files/601 Software Engineering CSD326.md",
    "Files/603 Intro. to Reinforcement Learning CSD336.md",
    "Files/Random Walk.md",
    "Files/Angela.md",
    "Files/602 Theory of Computation CSD334.md",
    "Files/Layout Guide.md",
    "Files/Semester 6.md",
    "Canvases/FIS.canvas",
    "Canvases/Atomic Habits.canvas",
    "Canvases/SWE Project Main.canvas",
    "Files/Projects.md",
    "Files/Michelson Interferometer.md",
    "Files/Authentication Protocol.md",
    "Files/Syncronization Techniques.md",
    "Excalidraw/Dashboard Designer.excalidraw.md",
    "Files/Workout Plan.md",
    "Files/Lab Sheet 9-12th.md",
    "Files/Semester 7.md",
    "Files/Focus Jams.md",
    "Files/README_IPO_DATE_SCRAPER.md",
    "Files/Virtual Environment Guide.md",
    "Files/House Interior.md",
    "Files/Automotive Security.md",
    "Files/GodSpeed Main.md",
    "Files/Canva for Dashboard.md",
    "Attachments/Aesthetic/Logo.jpeg.crdownload",
    "Attachments/Aesthetic/Logo.jpeg",
    "Attachments/Aesthetic/Banner.jpeg",
    "Attachments/Aesthetic/Banner.jpeg.crdownload",
    "Attachments/Aesthetic",
    "Attachments/RL Lab 1/Sphere.png",
    "Attachments/Dashlane 1.png",
    "Attachments/Dashlane.png",
    "Excalidraw/GSLinked.excalidraw",
    "Excalidraw/GodSpeed Ideas.excalidraw",
    "Excalidraw/Unconfirmed 324407.crdownload",
    "Excalidraw/Unconfirmed 973958.crdownload",
    "Attachments/Pasted image 20250525120552.png",
    "Excalidraw/Unconfirmed 583228.crdownload",
    "Excalidraw/Unconfirmed 256944.crdownload",
    "Attachments/Pasted image 20250522194954.png",
    "Attachments/Pasted image 20250522192321.png",
    "Attachments/Pasted image 20250522191838.png",
    "Canvases/SWE Project.canvas",
    "Attachments/AEP Project",
    "Canvases/Foundation of Information Security.canvas",
    "Canvases/SWE Project (Copy).canvas",
    "Canvases/Test.canvas"
  ]
}